<?xml version="1.0" encoding="UTF-8"?>
<Configuration status="WARN">
    <Appenders>
        <Console name="Console" target="SYSTEM_OUT">
            <PatternLayout pattern="%d{HH:mm:ss.SSS} [%t] %-5level %logger{36} - %msg%n"/>
        </Console>
        <File name="File" fileName="logs/${date:yyyy-MM-dd-HH-mm}-ayigroup.log">
            <PatternLayout pattern="%d{HH:mm:ss.SSS} [%t] %-5level %logger{36} - %msg%n"/>
        </File>
    </Appenders>

    <Loggers>
        <Root level="trace">
            <AppenderRef ref="Console" level="INFO"/>
            <AppenderRef ref="File" level="WARN"/>
        </Root>
    </Loggers>
</Configuration>